county,speed_source,pollutantID_2,pollutantID_3,pollutantID_87,pollutantID_100,pollutantID_110
Alcona,Default,0.00%,0.00%,0.00%,0.00%,0.00%
Alcona,NPMRDS_count,-13.75%,-11.07%,-14.84%,-10.91%,-10.93%
Alcona,NPMRDS_vht,-13.75%,-11.02%,-14.82%,-10.86%,-10.88%
Alcona,INRIX_XD,-12.05%,-7.55%,-10.63%,-6.85%,-6.84%
Alcona,INRIX_XD_FRC_1_4,-12.23%,-8.81%,-12.11%,-8.37%,-8.37%
Alger,Default,0.00%,0.00%,0.00%,0.00%,0.00%
Alger,NPMRDS_count,-5.16%,-5.43%,-10.97%,-6.34%,-6.35%
Alger,NPMRDS_vht,-5.11%,-3.97%,-9.25%,-4.58%,-4.58%
Alger,INRIX_XD,-8.71%,-4.91%,-6.83%,-4.59%,-4.58%
Alger,INRIX_XD_FRC_1_4,-9.76%,-6.86%,-9.07%,-6.51%,-6.51%
Allegan,Default,0.00%,0.00%,0.00%,0.00%,0.00%
Allegan,NPMRDS_count,12.81%,-1.92%,-12.01%,-3.61%,-3.70%
Allegan,NPMRDS_vht,13.38%,-2.21%,-12.42%,-3.97%,-4.07%
Allegan,INRIX_XD,-2.49%,2.78%,-2.81%,2.13%,2.16%
Allegan,INRIX_XD_FRC_1_4,-2.99%,1.39%,-5.15%,0.63%,0.65%
Alpena,Default,0.00%,0.00%,0.00%,0.00%,0.00%
Alpena,NPMRDS_count,-13.09%,-7.85%,-17.15%,-9.52%,-9.52%
Alpena,NPMRDS_vht,-12.67%,-7.69%,-16.57%,-9.23%,-9.22%
Alpena,INRIX_XD,-8.89%,-5.65%,-8.14%,-5.32%,-5.32%
Alpena,INRIX_XD_FRC_1_4,-10.12%,-6.95%,-9.94%,-6.53%,-6.53%
Antrim,Default,0.00%,0.00%,0.00%,0.00%,0.00%
Antrim,NPMRDS_count,-10.80%,-3.76%,-6.01%,-2.24%,-2.19%
Antrim,NPMRDS_vht,-10.21%,-2.46%,-4.40%,-0.82%,-0.76%
Antrim,INRIX_XD,-9.16%,-0.40%,-0.30%,1.54%,1.61%
Antrim,INRIX_XD_FRC_1_4,-10.28%,-2.32%,-2.39%,-0.25%,-0.19%
Arenac,Default,0.00%,0.00%,0.00%,0.00%,0.00%
Arenac,NPMRDS_count,7.25%,0.90%,-5.13%,0.42%,0.39%
Arenac,NPMRDS_vht,6.26%,1.32%,-3.60%,1.14%,1.12%
Arenac,INRIX_XD,-1.98%,2.95%,-1.14%,2.66%,2.69%
Arenac,INRIX_XD_FRC_1_4,-2.42%,2.07%,-2.42%,1.71%,1.73%
Baraga,Default,0.00%,0.00%,0.00%,0.00%,0.00%
Baraga,NPMRDS_count,-10.38%,-8.73%,-13.01%,-8.97%,-8.98%
Baraga,NPMRDS_vht,-10.66%,-8.28%,-12.49%,-8.30%,-8.31%
Baraga,INRIX_XD,-11.51%,-10.05%,-11.79%,-9.67%,-9.69%
Baraga,INRIX_XD_FRC_1_4,-11.66%,-10.19%,-12.03%,-9.83%,-9.84%
Barry,Default,0.00%,0.00%,0.00%,0.00%,0.00%
Barry,NPMRDS_count,14.84%,-5.13%,-16.51%,-7.71%,-7.86%
Barry,NPMRDS_vht,17.02%,-5.28%,-17.43%,-8.19%,-8.35%
Barry,INRIX_XD,-9.89%,-1.63%,-2.25%,0.53%,0.59%
Barry,INRIX_XD_FRC_1_4,-11.15%,-3.74%,-4.78%,-1.62%,-1.57%
Bay,Default,0.00%,0.00%,0.00%,0.00%,0.00%
Bay,NPMRDS_count,2.85%,-4.58%,-16.09%,-6.14%,-6.21%
Bay,NPMRDS_vht,3.27%,-5.18%,-16.97%,-6.80%,-6.88%
Bay,INRIX_XD,-0.91%,1.38%,-5.75%,0.50%,0.50%
Bay,INRIX_XD_FRC_1_4,-2.06%,-0.43%,-8.97%,-1.62%,-1.62%
Benzie,Default,0.00%,0.00%,0.00%,0.00%,0.00%
Benzie,NPMRDS_count,-11.14%,-1.86%,-4.48%,0.01%,0.07%
Benzie,NPMRDS_vht,-11.43%,-3.19%,-4.84%,-1.14%,-1.09%
Benzie,INRIX_XD,-9.43%,0.64%,0.75%,3.09%,3.17%
Benzie,INRIX_XD_FRC_1_4,-10.22%,-0.84%,-0.86%,1.76%,1.83%
Berrien,Default,0.00%,0.00%,0.00%,0.00%,0.00%
Berrien,NPMRDS_count,5.62%,-5.07%,-15.63%,-6.55%,-6.63%
Berrien,NPMRDS_vht,6.07%,-5.55%,-16.36%,-7.06%,-7.16%
Berrien,INRIX_XD,-2.97%,1.58%,-4.06%,0.76%,0.78%
Berrien,INRIX_XD_FRC_1_4,-4.50%,-0.28%,-7.36%,-1.31%,-1.29%
Branch,Default,0.00%,0.00%,0.00%,0.00%,0.00%
Branch,NPMRDS_count,-7.12%,-3.47%,-10.98%,-3.65%,-3.64%
Branch,NPMRDS_vht,-6.20%,-2.41%,-9.09%,-2.49%,-2.47%
Branch,INRIX_XD,-7.86%,-0.40%,-5.42%,-0.28%,-0.24%
Branch,INRIX_XD_FRC_1_4,-8.68%,-1.25%,-6.86%,-1.17%,-1.13%
Calhoun,Default,0.00%,0.00%,0.00%,0.00%,0.00%
Calhoun,NPMRDS_count,1.43%,-3.06%,-12.29%,-4.27%,-4.31%
Calhoun,NPMRDS_vht,1.42%,-3.81%,-13.81%,-5.21%,-5.26%
Calhoun,INRIX_XD,-3.92%,1.41%,-3.33%,1.14%,1.17%
Calhoun,INRIX_XD_FRC_1_4,-5.35%,0.04%,-5.61%,-0.29%,-0.26%
Cass,Default,0.00%,0.00%,0.00%,0.00%,0.00%
Cass,NPMRDS_count,1.25%,-8.39%,-19.82%,-10.36%,-10.46%
Cass,NPMRDS_vht,3.19%,-8.48%,-20.22%,-10.76%,-10.87%
Cass,INRIX_XD,-12.48%,-3.20%,-6.38%,-1.39%,-1.33%
Cass,INRIX_XD_FRC_1_4,-13.19%,-4.73%,-8.12%,-3.03%,-2.98%
Charlevoix,Default,0.00%,0.00%,0.00%,0.00%,0.00%
Charlevoix,NPMRDS_count,-10.70%,-1.33%,-6.11%,-0.80%,-0.73%
Charlevoix,NPMRDS_vht,-9.53%,1.52%,-3.58%,1.93%,2.02%
Charlevoix,INRIX_XD,-6.96%,4.63%,4.31%,5.96%,6.05%
Charlevoix,INRIX_XD_FRC_1_4,-9.16%,0.97%,0.58%,3.01%,3.09%
Cheboygan,Default,0.00%,0.00%,0.00%,0.00%,0.00%
Cheboygan,NPMRDS_count,0.14%,3.70%,-0.94%,2.77%,2.79%
Cheboygan,NPMRDS_vht,0.86%,6.73%,1.44%,5.35%,5.39%
Cheboygan,INRIX_XD,-4.39%,1.52%,-2.86%,0.93%,0.96%
Cheboygan,INRIX_XD_FRC_1_4,-4.75%,1.06%,-3.47%,0.54%,0.57%
Chippewa,Default,0.00%,0.00%,0.00%,0.00%,0.00%
Chippewa,NPMRDS_count,-6.14%,-3.34%,-14.68%,-5.48%,-5.48%
Chippewa,NPMRDS_vht,-6.51%,-6.66%,-16.34%,-8.32%,-8.34%
Chippewa,INRIX_XD,-7.97%,-2.47%,-5.92%,-2.10%,-2.07%
Chippewa,INRIX_XD_FRC_1_4,-9.41%,-4.02%,-8.22%,-3.70%,-3.68%
Clare,Default,0.00%,0.00%,0.00%,0.00%,0.00%
Clare,NPMRDS_count,12.48%,-1.72%,-11.42%,-3.56%,-3.65%
Clare,NPMRDS_vht,14.62%,-1.51%,-11.83%,-3.57%,-3.67%
Clare,INRIX_XD,-0.43%,1.53%,-4.47%,0.67%,0.68%
Clare,INRIX_XD_FRC_1_4,-0.57%,1.18%,-5.16%,0.26%,0.27%
Clinton,Default,0.00%,0.00%,0.00%,0.00%,0.00%
Clinton,NPMRDS_count,13.82%,-2.87%,-13.91%,-4.79%,-4.91%
Clinton,NPMRDS_vht,14.29%,-2.95%,-14.29%,-4.97%,-5.09%
Clinton,INRIX_XD,0.45%,0.90%,-7.05%,-0.28%,-0.28%
Clinton,INRIX_XD_FRC_1_4,0.07%,0.16%,-8.55%,-1.18%,-1.19%
Crawford,Default,0.00%,0.00%,0.00%,0.00%,0.00%
Crawford,NPMRDS_count,11.05%,3.06%,-3.33%,1.82%,1.79%
Crawford,NPMRDS_vht,11.41%,3.61%,-2.48%,2.42%,2.39%
Crawford,INRIX_XD,-0.59%,3.07%,-2.32%,1.96%,1.98%
Crawford,INRIX_XD_FRC_1_4,-0.69%,2.94%,-2.53%,1.84%,1.86%
Delta,Default,0.00%,0.00%,0.00%,0.00%,0.00%
Delta,NPMRDS_count,-13.20%,-12.79%,-23.17%,-14.67%,-14.72%
Delta,NPMRDS_vht,-13.06%,-12.55%,-22.66%,-14.25%,-14.30%
Delta,INRIX_XD,-11.89%,-8.03%,-12.86%,-8.10%,-8.10%
Delta,INRIX_XD_FRC_1_4,-13.16%,-10.33%,-16.17%,-10.74%,-10.75%
Dickinson,Default,0.00%,0.00%,0.00%,0.00%,0.00%
Dickinson,NPMRDS_count,-16.99%,-12.31%,-22.73%,-13.68%,-13.70%
Dickinson,NPMRDS_vht,-14.63%,-10.65%,-17.82%,-11.07%,-11.08%
Dickinson,INRIX_XD,-10.90%,-5.60%,-9.76%,-5.40%,-5.38%
Dickinson,INRIX_XD_FRC_1_4,-14.29%,-9.89%,-14.82%,-9.55%,-9.55%
Eaton,Default,0.00%,0.00%,0.00%,0.00%,0.00%
Eaton,NPMRDS_count,1.32%,-4.01%,-12.93%,-4.54%,-4.60%
Eaton,NPMRDS_vht,1.45%,-3.44%,-11.16%,-3.74%,-3.79%
Eaton,INRIX_XD,-5.10%,-2.30%,-8.77%,-2.78%,-2.78%
Eaton,INRIX_XD_FRC_1_4,-5.78%,-3.17%,-10.14%,-3.73%,-3.72%
Emmet,Default,0.00%,0.00%,0.00%,0.00%,0.00%
Emmet,NPMRDS_count,-9.75%,-2.59%,-6.65%,-1.78%,-1.73%
Emmet,NPMRDS_vht,-9.11%,-3.13%,-5.89%,-2.00%,-1.95%
Emmet,INRIX_XD,-6.80%,4.43%,2.08%,5.69%,5.80%
Emmet,INRIX_XD_FRC_1_4,-8.20%,1.90%,-0.47%,3.25%,3.33%
Genesee,Default,0.00%,0.00%,0.00%,0.00%,0.00%
Genesee,NPMRDS_count,4.36%,-7.16%,-19.07%,-8.98%,-9.11%
Genesee,NPMRDS_vht,5.43%,-8.42%,-21.65%,-10.64%,-10.79%
Genesee,INRIX_XD,-3.96%,-2.23%,-9.13%,-2.94%,-2.95%
Genesee,INRIX_XD_FRC_1_4,-4.48%,-2.94%,-10.17%,-3.70%,-3.71%
Gladwin,Default,0.00%,0.00%,0.00%,0.00%,0.00%
Gladwin,NPMRDS_count,8.61%,-3.80%,-11.18%,-4.50%,-4.58%
Gladwin,NPMRDS_vht,13.07%,-2.85%,-11.32%,-3.97%,-4.07%
Gladwin,INRIX_XD,-11.99%,-6.61%,-6.63%,-4.44%,-4.42%
Gladwin,INRIX_XD_FRC_1_4,-12.16%,-6.87%,-7.01%,-4.73%,-4.71%
Gogebic,Default,0.00%,0.00%,0.00%,0.00%,0.00%
Gogebic,NPMRDS_count,-5.50%,-4.72%,-12.25%,-5.67%,-5.68%
Gogebic,NPMRDS_vht,-7.07%,-3.54%,-9.91%,-3.46%,-3.44%
Gogebic,INRIX_XD,-5.31%,-1.62%,-2.57%,-1.03%,-1.01%
Gogebic,INRIX_XD_FRC_1_4,-6.87%,-3.19%,-4.87%,-2.69%,-2.67%
Grand_traverse,Default,0.00%,0.00%,0.00%,0.00%,0.00%
Grand_traverse,NPMRDS_count,-13.24%,-12.05%,-14.92%,-11.16%,-11.18%
Grand_traverse,NPMRDS_vht,-12.50%,-11.10%,-13.36%,-10.02%,-10.03%
Grand_traverse,INRIX_XD,-11.62%,-4.86%,-8.79%,-4.07%,-4.03%
Grand_traverse,INRIX_XD_FRC_1_4,-11.85%,-5.57%,-9.46%,-4.76%,-4.73%
Gratiot,Default,0.00%,0.00%,0.00%,0.00%,0.00%
Gratiot,NPMRDS_count,15.28%,-2.99%,-14.48%,-4.96%,-5.08%
Gratiot,NPMRDS_vht,16.06%,-3.27%,-15.12%,-5.58%,-5.71%
Gratiot,INRIX_XD,-5.83%,-2.50%,-7.50%,-2.46%,-2.44%
Gratiot,INRIX_XD_FRC_1_4,-6.09%,-3.47%,-9.08%,-3.59%,-3.58%
Hillsdale,Default,0.00%,0.00%,0.00%,0.00%,0.00%
Hillsdale,NPMRDS_count,-13.06%,-8.33%,-11.84%,-7.24%,-7.22%
Hillsdale,NPMRDS_vht,-11.94%,-7.13%,-9.88%,-5.84%,-5.82%
Hillsdale,INRIX_XD,-7.26%,1.60%,1.78%,3.81%,3.89%
Hillsdale,INRIX_XD_FRC_1_4,-8.98%,-0.65%,-0.97%,1.63%,1.69%
Houghton,Default,0.00%,0.00%,0.00%,0.00%,0.00%
Houghton,NPMRDS_count,-11.13%,-10.22%,-14.68%,-10.17%,-10.20%
Houghton,NPMRDS_vht,-7.44%,-7.17%,-8.65%,-6.37%,-6.38%
Houghton,INRIX_XD,-11.11%,-5.87%,-9.22%,-5.00%,-4.97%
Houghton,INRIX_XD_FRC_1_4,-11.91%,-7.21%,-10.83%,-6.51%,-6.50%
Huron,Default,0.00%,0.00%,0.00%,0.00%,0.00%
Huron,NPMRDS_count,-10.13%,-5.78%,-9.29%,-5.03%,-5.01%
Huron,NPMRDS_vht,-9.34%,-3.53%,-7.54%,-2.86%,-2.83%
Huron,INRIX_XD,-10.70%,-3.70%,-3.56%,-1.50%,-1.46%
Huron,INRIX_XD_FRC_1_4,-11.49%,-5.07%,-5.09%,-2.81%,-2.78%
Ingham,Default,0.00%,0.00%,0.00%,0.00%,0.00%
Ingham,NPMRDS_count,6.87%,-6.05%,-17.20%,-7.98%,-8.10%
Ingham,NPMRDS_vht,5.31%,-7.45%,-19.82%,-9.70%,-9.82%
Ingham,INRIX_XD,-0.20%,2.60%,-2.53%,2.11%,2.13%
Ingham,INRIX_XD_FRC_1_4,-1.40%,1.13%,-4.96%,0.48%,0.49%
Ionia,Default,0.00%,0.00%,0.00%,0.00%,0.00%
Ionia,NPMRDS_count,11.89%,-2.27%,-12.52%,-3.90%,-3.99%
Ionia,NPMRDS_vht,12.11%,-2.48%,-12.63%,-4.10%,-4.19%
Ionia,INRIX_XD,-3.65%,1.36%,-4.56%,0.67%,0.69%
Ionia,INRIX_XD_FRC_1_4,-4.30%,0.37%,-6.34%,-0.41%,-0.39%
Iosco,Default,0.00%,0.00%,0.00%,0.00%,0.00%
Iosco,NPMRDS_count,-8.12%,4.34%,0.11%,5.14%,5.25%
Iosco,NPMRDS_vht,-5.98%,8.05%,4.34%,8.94%,9.08%
Iosco,INRIX_XD,-11.57%,-5.54%,-8.18%,-4.43%,-4.41%
Iosco,INRIX_XD_FRC_1_4,-12.27%,-6.76%,-9.72%,-5.70%,-5.68%
Iron,Default,0.00%,0.00%,0.00%,0.00%,0.00%
Iron,NPMRDS_count,-7.99%,-2.25%,-9.62%,-2.64%,-2.60%
Iron,NPMRDS_vht,-8.37%,0.82%,-7.12%,0.52%,0.59%
Iron,INRIX_XD,-6.16%,2.43%,2.11%,3.63%,3.70%
Iron,INRIX_XD_FRC_1_4,-9.36%,-2.99%,-3.87%,-1.65%,-1.61%
Isabella,Default,0.00%,0.00%,0.00%,0.00%,0.00%
Isabella,NPMRDS_count,15.09%,-3.26%,-16.83%,-5.85%,-5.98%
Isabella,NPMRDS_vht,15.59%,-2.91%,-16.39%,-5.51%,-5.64%
Isabella,INRIX_XD,-4.83%,-0.76%,-7.85%,-1.30%,-1.28%
Isabella,INRIX_XD_FRC_1_4,-4.33%,-1.70%,-9.84%,-2.51%,-2.50%
Jackson,Default,0.00%,0.00%,0.00%,0.00%,0.00%
Jackson,NPMRDS_count,3.42%,-5.38%,-15.74%,-6.94%,-7.01%
Jackson,NPMRDS_vht,2.80%,-6.01%,-16.97%,-7.69%,-7.77%
Jackson,INRIX_XD,-3.06%,2.54%,-2.51%,2.12%,2.16%
Jackson,INRIX_XD_FRC_1_4,-4.23%,0.63%,-5.46%,0.04%,0.06%
Kalamazoo,Default,0.00%,0.00%,0.00%,0.00%,0.00%
Kalamazoo,NPMRDS_count,3.60%,-4.73%,-14.05%,-6.28%,-6.36%
Kalamazoo,NPMRDS_vht,4.24%,-6.44%,-17.38%,-8.44%,-8.56%
Kalamazoo,INRIX_XD,-3.84%,0.33%,-5.68%,-0.18%,-0.16%
Kalamazoo,INRIX_XD_FRC_1_4,-5.42%,-1.75%,-8.71%,-2.42%,-2.41%
Kalkaska,Default,0.00%,0.00%,0.00%,0.00%,0.00%
Kalkaska,NPMRDS_count,-10.42%,-5.84%,-8.38%,-5.00%,-4.98%
Kalkaska,NPMRDS_vht,-9.76%,-4.20%,-6.15%,-3.14%,-3.10%
Kalkaska,INRIX_XD,-10.07%,-4.25%,-4.54%,-2.86%,-2.83%
Kalkaska,INRIX_XD_FRC_1_4,-11.82%,-7.57%,-8.19%,-6.15%,-6.14%
Kent,Default,0.00%,0.00%,0.00%,0.00%,0.00%
Kent,NPMRDS_count,3.31%,-8.60%,-21.00%,-10.90%,-11.04%
Kent,NPMRDS_vht,1.98%,-10.19%,-23.92%,-12.85%,-13.00%
Kent,INRIX_XD,-4.98%,-3.04%,-10.39%,-3.95%,-3.96%
Kent,INRIX_XD_FRC_1_4,-6.36%,-5.17%,-13.77%,-6.37%,-6.39%
Keweenaw,Default,0.00%,0.00%,0.00%,0.00%,0.00%
Keweenaw,NPMRDS_count,-5.70%,-6.29%,-12.16%,-7.25%,-7.27%
Keweenaw,NPMRDS_vht,-5.60%,-6.02%,-11.83%,-6.90%,-6.92%
Keweenaw,INRIX_XD,-4.06%,10.40%,12.13%,12.97%,13.11%
Keweenaw,INRIX_XD_FRC_1_4,-5.93%,7.25%,8.68%,9.98%,10.11%
Lake,Default,0.00%,0.00%,0.00%,0.00%,0.00%
Lake,NPMRDS_count,-11.10%,-7.91%,-11.91%,-7.29%,-7.29%
Lake,NPMRDS_vht,-11.11%,-7.83%,-12.04%,-7.24%,-7.23%
Lake,INRIX_XD,-11.36%,-7.12%,-8.35%,-5.79%,-5.78%
Lake,INRIX_XD_FRC_1_4,-11.59%,-7.55%,-8.99%,-6.30%,-6.29%
Lapeer,Default,0.00%,0.00%,0.00%,0.00%,0.00%
Lapeer,NPMRDS_count,-7.54%,-5.87%,-11.98%,-5.77%,-5.78%
Lapeer,NPMRDS_vht,-7.10%,-5.09%,-10.82%,-4.87%,-4.87%
Lapeer,INRIX_XD,-5.69%,1.88%,-1.42%,2.71%,2.76%
Lapeer,INRIX_XD_FRC_1_4,-6.59%,0.14%,-3.39%,0.93%,0.97%
Leelanau,Default,0.00%,0.00%,0.00%,0.00%,0.00%
Leelanau,NPMRDS_count,-2.82%,-5.68%,-13.38%,-6.18%,-6.22%
Leelanau,NPMRDS_vht,-0.34%,-4.25%,-11.74%,-4.66%,-4.70%
Leelanau,INRIX_XD,-13.19%,-2.30%,-5.77%,-0.17%,-0.09%
Leelanau,INRIX_XD_FRC_1_4,-14.10%,-3.73%,-7.26%,-1.47%,-1.40%
Lenawee,Default,0.00%,0.00%,0.00%,0.00%,0.00%
Lenawee,NPMRDS_count,-14.43%,-7.62%,-11.22%,-6.17%,-6.14%
Lenawee,NPMRDS_vht,-14.16%,-6.91%,-10.58%,-5.49%,-5.45%
Lenawee,INRIX_XD,-7.28%,1.13%,0.35%,2.96%,3.03%
Lenawee,INRIX_XD_FRC_1_4,-9.35%,-1.32%,-2.91%,0.38%,0.45%
Livingston,Default,0.00%,0.00%,0.00%,0.00%,0.00%
Livingston,NPMRDS_count,7.15%,-6.04%,-18.00%,-7.71%,-7.83%
Livingston,NPMRDS_vht,7.93%,-6.47%,-19.69%,-8.52%,-8.65%
Livingston,INRIX_XD,-1.99%,-0.14%,-8.34%,-1.44%,-1.44%
Livingston,INRIX_XD_FRC_1_4,-2.78%,-1.26%,-9.93%,-2.61%,-2.62%
Luce,Default,0.00%,0.00%,0.00%,0.00%,0.00%
Luce,NPMRDS_count,-4.38%,-6.72%,-13.27%,-8.07%,-8.10%
Luce,NPMRDS_vht,-4.61%,-6.77%,-13.19%,-8.06%,-8.10%
Luce,INRIX_XD,-9.59%,-6.68%,-9.03%,-6.31%,-6.31%
Luce,INRIX_XD_FRC_1_4,-10.31%,-8.14%,-10.77%,-7.90%,-7.91%
Mackinac,Default,0.00%,0.00%,0.00%,0.00%,0.00%
Mackinac,NPMRDS_count,-3.10%,2.46%,-6.40%,1.16%,1.20%
Mackinac,NPMRDS_vht,-3.25%,5.69%,-4.76%,4.29%,4.37%
Mackinac,INRIX_XD,-7.17%,-0.94%,-4.26%,-0.89%,-0.86%
Mackinac,INRIX_XD_FRC_1_4,-7.77%,-2.08%,-5.87%,-2.11%,-2.08%
Macomb,Default,0.00%,0.00%,0.00%,0.00%,0.00%
Macomb,NPMRDS_count,-7.52%,-7.36%,-14.28%,-7.70%,-7.73%
Macomb,NPMRDS_vht,-8.35%,-8.36%,-16.31%,-8.98%,-9.01%
Macomb,INRIX_XD,4.86%,10.95%,8.42%,10.03%,10.09%
Macomb,INRIX_XD_FRC_1_4,-5.54%,-0.96%,-5.92%,-1.10%,-1.07%
Manistee,Default,0.00%,0.00%,0.00%,0.00%,0.00%
Manistee,NPMRDS_count,-14.20%,-7.27%,-13.30%,-6.72%,-6.69%
Manistee,NPMRDS_vht,-13.33%,-6.72%,-11.65%,-5.91%,-5.87%
Manistee,INRIX_XD,-11.17%,-4.30%,-7.07%,-3.08%,-3.04%
Manistee,INRIX_XD_FRC_1_4,-11.58%,-5.48%,-8.36%,-4.34%,-4.31%
Marquette,Default,0.00%,0.00%,0.00%,0.00%,0.00%
Marquette,NPMRDS_count,-14.86%,-13.92%,-18.97%,-14.07%,-14.10%
Marquette,NPMRDS_vht,-14.90%,-13.68%,-18.43%,-13.68%,-13.71%
Marquette,INRIX_XD,-9.72%,-4.91%,-7.90%,-4.35%,-4.33%
Marquette,INRIX_XD_FRC_1_4,-10.51%,-5.84%,-9.18%,-5.32%,-5.30%
Mason,Default,0.00%,0.00%,0.00%,0.00%,0.00%
Mason,NPMRDS_count,0.15%,-5.05%,-14.62%,-5.90%,-5.94%
Mason,NPMRDS_vht,1.61%,-4.06%,-13.20%,-4.90%,-4.94%
Mason,INRIX_XD,-6.00%,-1.42%,-5.32%,-1.17%,-1.14%
Mason,INRIX_XD_FRC_1_4,-6.32%,-1.83%,-5.86%,-1.55%,-1.53%
Mecosta,Default,0.00%,0.00%,0.00%,0.00%,0.00%
Mecosta,NPMRDS_count,15.83%,-1.65%,-13.32%,-3.77%,-3.87%
Mecosta,NPMRDS_vht,15.98%,-1.90%,-13.52%,-4.03%,-4.14%
Mecosta,INRIX_XD,-4.09%,-0.23%,-7.31%,-0.88%,-0.87%
Mecosta,INRIX_XD_FRC_1_4,-4.21%,-0.71%,-8.13%,-1.43%,-1.42%
Menominee,Default,0.00%,0.00%,0.00%,0.00%,0.00%
Menominee,NPMRDS_count,-12.55%,-9.22%,-14.31%,-9.39%,-9.40%
Menominee,NPMRDS_vht,-11.26%,-7.94%,-11.91%,-7.85%,-7.84%
Menominee,INRIX_XD,-10.94%,-7.50%,-8.96%,-6.59%,-6.59%
Menominee,INRIX_XD_FRC_1_4,-14.80%,-11.37%,-15.10%,-10.78%,-10.79%
Midland,Default,0.00%,0.00%,0.00%,0.00%,0.00%
Midland,NPMRDS_count,12.47%,-7.21%,-22.55%,-10.02%,-10.18%
Midland,NPMRDS_vht,12.69%,-7.28%,-22.57%,-10.08%,-10.25%
Midland,INRIX_XD,-4.36%,-2.61%,-9.03%,-3.04%,-3.04%
Midland,INRIX_XD_FRC_1_4,-4.71%,-3.73%,-11.11%,-4.41%,-4.42%
Missaukee,Default,0.00%,0.00%,0.00%,0.00%,0.00%
Missaukee,NPMRDS_count,-0.85%,-3.88%,-9.04%,-3.89%,-3.92%
Missaukee,NPMRDS_vht,1.79%,-2.61%,-7.98%,-2.62%,-2.65%
Missaukee,INRIX_XD,-10.30%,-3.35%,-3.35%,-1.45%,-1.41%
Missaukee,INRIX_XD_FRC_1_4,-10.70%,-3.94%,-4.05%,-2.02%,-1.98%
Monroe,Default,0.00%,0.00%,0.00%,0.00%,0.00%
Monroe,NPMRDS_count,8.73%,-5.12%,-16.35%,-6.33%,-6.44%
Monroe,NPMRDS_vht,9.63%,-5.38%,-17.17%,-6.75%,-6.86%
Monroe,INRIX_XD,-3.74%,0.63%,-7.14%,-0.77%,-0.75%
Monroe,INRIX_XD_FRC_1_4,-4.18%,0.12%,-7.93%,-1.27%,-1.26%
Montcalm,Default,0.00%,0.00%,0.00%,0.00%,0.00%
Montcalm,NPMRDS_count,13.72%,-2.70%,-12.74%,-4.45%,-4.55%
Montcalm,NPMRDS_vht,16.29%,-2.73%,-13.62%,-4.96%,-5.07%
Montcalm,INRIX_XD,-6.69%,-1.52%,-4.75%,-1.00%,-0.97%
Montcalm,INRIX_XD_FRC_1_4,-7.54%,-2.53%,-6.46%,-2.11%,-2.09%
Montmorency,Default,0.00%,0.00%,0.00%,0.00%,0.00%
Montmorency,NPMRDS_count,-10.15%,-7.79%,-8.46%,-6.91%,-6.92%
Montmorency,NPMRDS_vht,-9.78%,-7.64%,-8.12%,-6.78%,-6.79%
Montmorency,INRIX_XD,-8.03%,-1.99%,-3.19%,-1.36%,-1.32%
Montmorency,INRIX_XD_FRC_1_4,-10.49%,-6.42%,-8.09%,-5.62%,-5.61%
Muskegon,Default,0.00%,0.00%,0.00%,0.00%,0.00%
Muskegon,NPMRDS_count,5.36%,-8.99%,-24.42%,-12.29%,-12.45%
Muskegon,NPMRDS_vht,3.88%,-10.21%,-25.85%,-13.67%,-13.83%
Muskegon,INRIX_XD,-4.00%,-0.92%,-6.69%,-1.16%,-1.15%
Muskegon,INRIX_XD_FRC_1_4,-5.28%,-3.33%,-10.33%,-3.88%,-3.89%
Newaygo,Default,0.00%,0.00%,0.00%,0.00%,0.00%
Newaygo,NPMRDS_count,18.13%,-3.51%,-13.37%,-5.82%,-5.97%
Newaygo,NPMRDS_vht,20.91%,-3.38%,-13.85%,-6.00%,-6.16%
Newaygo,INRIX_XD,-10.68%,-3.50%,-3.11%,-1.07%,-1.02%
Newaygo,INRIX_XD_FRC_1_4,-11.56%,-4.70%,-4.61%,-2.27%,-2.22%
Oakland,Default,0.00%,0.00%,0.00%,0.00%,0.00%
Oakland,NPMRDS_count,-5.10%,-6.44%,-12.24%,-6.71%,-6.74%
Oakland,NPMRDS_vht,-6.37%,-8.65%,-16.47%,-9.46%,-9.52%
Oakland,INRIX_XD,5.84%,11.15%,8.63%,10.32%,10.37%
Oakland,INRIX_XD_FRC_1_4,-4.21%,-0.03%,-5.45%,-0.48%,-0.45%
Oceana,Default,0.00%,0.00%,0.00%,0.00%,0.00%
Oceana,NPMRDS_count,17.68%,-0.56%,-9.30%,-2.45%,-2.55%
Oceana,NPMRDS_vht,17.78%,-0.80%,-9.60%,-2.71%,-2.81%
Oceana,INRIX_XD,-2.25%,3.70%,-0.50%,3.44%,3.48%
Oceana,INRIX_XD_FRC_1_4,-2.80%,2.49%,-2.15%,2.34%,2.37%
Ogemaw,Default,0.00%,0.00%,0.00%,0.00%,0.00%
Ogemaw,NPMRDS_count,-5.64%,-2.81%,-7.89%,-2.89%,-2.88%
Ogemaw,NPMRDS_vht,-5.56%,-2.63%,-7.67%,-2.69%,-2.68%
Ogemaw,INRIX_XD,-6.22%,0.39%,-2.37%,1.08%,1.12%
Ogemaw,INRIX_XD_FRC_1_4,-6.61%,-0.80%,-3.84%,-0.25%,-0.22%
Ontonagon,Default,0.00%,0.00%,0.00%,0.00%,0.00%
Ontonagon,NPMRDS_count,-4.91%,-5.18%,-11.12%,-6.30%,-6.32%
Ontonagon,NPMRDS_vht,-4.84%,-5.31%,-11.27%,-6.45%,-6.47%
Ontonagon,INRIX_XD,-7.94%,-3.25%,-5.08%,-3.28%,-3.26%
Ontonagon,INRIX_XD_FRC_1_4,-9.92%,-6.89%,-9.11%,-6.61%,-6.61%
Osceola,Default,0.00%,0.00%,0.00%,0.00%,0.00%
Osceola,NPMRDS_count,10.37%,-1.01%,-8.35%,-2.31%,-2.37%
Osceola,NPMRDS_vht,14.04%,-0.85%,-8.57%,-2.35%,-2.43%
Osceola,INRIX_XD,-2.00%,1.28%,-3.45%,0.65%,0.67%
Osceola,INRIX_XD_FRC_1_4,-1.76%,0.93%,-4.18%,0.15%,0.17%
Oscoda,Default,0.00%,0.00%,0.00%,0.00%,0.00%
Oscoda,NPMRDS_count,-11.35%,-6.27%,-7.52%,-4.74%,-4.72%
Oscoda,NPMRDS_vht,-10.78%,-5.95%,-6.40%,-4.19%,-4.17%
Oscoda,INRIX_XD,-10.55%,-4.66%,-5.59%,-3.12%,-3.09%
Oscoda,INRIX_XD_FRC_1_4,-11.62%,-7.31%,-8.56%,-6.00%,-5.99%
Otsego,Default,0.00%,0.00%,0.00%,0.00%,0.00%
Otsego,NPMRDS_count,-3.76%,-2.83%,-8.78%,-2.79%,-2.79%
Otsego,NPMRDS_vht,-2.24%,-1.96%,-6.26%,-1.64%,-1.65%
Otsego,INRIX_XD,-3.35%,1.27%,-3.65%,1.13%,1.15%
Otsego,INRIX_XD_FRC_1_4,-4.54%,-0.40%,-5.82%,-0.54%,-0.52%
Ottawa,Default,0.00%,0.00%,0.00%,0.00%,0.00%
Ottawa,NPMRDS_count,4.07%,-9.37%,-24.15%,-12.02%,-12.15%
Ottawa,NPMRDS_vht,4.55%,-9.62%,-24.93%,-12.48%,-12.62%
Ottawa,INRIX_XD,-7.23%,-2.31%,-9.50%,-2.91%,-2.89%
Ottawa,INRIX_XD_FRC_1_4,-9.07%,-5.15%,-13.73%,-6.08%,-6.07%
Presque_isle,Default,0.00%,0.00%,0.00%,0.00%,0.00%
Presque_isle,NPMRDS_count,-6.82%,-7.73%,-13.38%,-8.90%,-8.93%
Presque_isle,NPMRDS_vht,-7.51%,-7.42%,-12.17%,-8.12%,-8.14%
Presque_isle,INRIX_XD,-8.15%,-3.18%,-5.31%,-3.07%,-3.05%
Presque_isle,INRIX_XD_FRC_1_4,-8.97%,-4.70%,-7.05%,-4.55%,-4.54%
Roscommon,Default,0.00%,0.00%,0.00%,0.00%,0.00%
Roscommon,NPMRDS_count,14.39%,-0.60%,-13.77%,-3.08%,-3.17%
Roscommon,NPMRDS_vht,14.42%,-0.57%,-13.77%,-3.07%,-3.15%
Roscommon,INRIX_XD,-2.94%,0.26%,-9.13%,-1.23%,-1.22%
Roscommon,INRIX_XD_FRC_1_4,-3.24%,0.00%,-9.67%,-1.51%,-1.50%
Saginaw,Default,0.00%,0.00%,0.00%,0.00%,0.00%
Saginaw,NPMRDS_count,-1.70%,-3.84%,-12.56%,-4.38%,-4.42%
Saginaw,NPMRDS_vht,-1.39%,-4.33%,-13.11%,-4.91%,-4.95%
Saginaw,INRIX_XD,-3.80%,0.50%,-4.02%,0.54%,0.57%
Saginaw,INRIX_XD_FRC_1_4,-5.06%,-1.11%,-6.23%,-1.12%,-1.10%
Sanilac,Default,0.00%,0.00%,0.00%,0.00%,0.00%
Sanilac,NPMRDS_count,-12.28%,-6.34%,-9.41%,-5.37%,-5.34%
Sanilac,NPMRDS_vht,-12.02%,-4.85%,-8.45%,-3.96%,-3.92%
Sanilac,INRIX_XD,-10.59%,-4.65%,-4.61%,-2.79%,-2.76%
Sanilac,INRIX_XD_FRC_1_4,-10.99%,-5.41%,-5.40%,-3.54%,-3.51%
Schoolcraft,Default,0.00%,0.00%,0.00%,0.00%,0.00%
Schoolcraft,NPMRDS_count,-2.18%,-5.63%,-13.58%,-7.54%,-7.58%
Schoolcraft,NPMRDS_vht,-2.81%,-5.34%,-13.30%,-7.15%,-7.18%
Schoolcraft,INRIX_XD,-6.60%,-5.54%,-9.56%,-6.73%,-6.74%
Schoolcraft,INRIX_XD_FRC_1_4,-7.95%,-7.80%,-12.12%,-8.80%,-8.83%
Shiawassee,Default,0.00%,0.00%,0.00%,0.00%,0.00%
Shiawassee,NPMRDS_count,7.17%,-2.37%,-11.35%,-3.43%,-3.49%
Shiawassee,NPMRDS_vht,9.54%,-2.24%,-11.95%,-3.53%,-3.60%
Shiawassee,INRIX_XD,-5.13%,1.52%,-3.54%,1.42%,1.46%
Shiawassee,INRIX_XD_FRC_1_4,-5.78%,0.81%,-4.65%,0.70%,0.73%
St_clair,Default,0.00%,0.00%,0.00%,0.00%,0.00%
St_clair,NPMRDS_count,-0.16%,-3.70%,-10.95%,-4.23%,-4.26%
St_clair,NPMRDS_vht,2.05%,-2.26%,-8.52%,-2.60%,-2.63%
St_clair,INRIX_XD,-6.16%,0.67%,-4.69%,0.41%,0.45%
St_clair,INRIX_XD_FRC_1_4,-7.32%,-0.58%,-6.43%,-0.81%,-0.77%
St_joseph,Default,0.00%,0.00%,0.00%,0.00%,0.00%
St_joseph,NPMRDS_count,-11.89%,-8.98%,-18.95%,-9.69%,-9.70%
St_joseph,NPMRDS_vht,-10.90%,-9.82%,-20.03%,-10.81%,-10.83%
St_joseph,INRIX_XD,-11.11%,-3.33%,-5.95%,-1.79%,-1.74%
St_joseph,INRIX_XD_FRC_1_4,-12.20%,-4.80%,-7.90%,-3.26%,-3.22%
Tuscola,Default,0.00%,0.00%,0.00%,0.00%,0.00%
Tuscola,NPMRDS_count,-8.47%,-9.34%,-8.51%,-7.62%,-7.65%
Tuscola,NPMRDS_vht,-8.33%,-9.85%,-9.63%,-8.33%,-8.37%
Tuscola,INRIX_XD,-10.75%,-3.16%,-3.44%,-0.92%,-0.87%
Tuscola,INRIX_XD_FRC_1_4,-11.23%,-4.27%,-4.57%,-2.07%,-2.03%
Van_buren,Default,0.00%,0.00%,0.00%,0.00%,0.00%
Van_buren,NPMRDS_count,13.70%,-3.15%,-13.14%,-4.78%,-4.89%
Van_buren,NPMRDS_vht,13.90%,-3.27%,-13.57%,-4.95%,-5.06%
Van_buren,INRIX_XD,-1.61%,3.15%,-1.27%,2.63%,2.66%
Van_buren,INRIX_XD_FRC_1_4,-3.52%,1.24%,-4.93%,0.60%,0.62%
Washtenaw,Default,0.00%,0.00%,0.00%,0.00%,0.00%
Washtenaw,NPMRDS_count,5.67%,-5.74%,-15.18%,-7.06%,-7.17%
Washtenaw,NPMRDS_vht,6.44%,-6.80%,-18.86%,-8.73%,-8.86%
Washtenaw,INRIX_XD,-0.58%,3.30%,-2.58%,2.27%,2.29%
Washtenaw,INRIX_XD_FRC_1_4,-2.34%,1.00%,-5.75%,-0.01%,-0.00%
Wayne,Default,0.00%,0.00%,0.00%,0.00%,0.00%
Wayne,NPMRDS_count,-5.09%,-4.04%,-9.98%,-4.39%,-4.40%
Wayne,NPMRDS_vht,-7.93%,-9.57%,-18.41%,-10.57%,-10.63%
Wayne,INRIX_XD,8.00%,15.08%,14.29%,13.92%,13.99%
Wayne,INRIX_XD_FRC_1_4,-1.02%,4.77%,1.60%,4.58%,4.63%
Wexford,Default,0.00%,0.00%,0.00%,0.00%,0.00%
Wexford,NPMRDS_count,1.57%,-6.38%,-16.89%,-7.78%,-7.85%
Wexford,NPMRDS_vht,2.11%,-6.32%,-16.90%,-7.78%,-7.85%
Wexford,INRIX_XD,-4.26%,-1.97%,-7.75%,-2.37%,-2.37%
Wexford,INRIX_XD_FRC_1_4,-4.99%,-3.53%,-10.25%,-4.19%,-4.19%
